<?xml version="1.0" encoding="UTF-8" ?>
<!DOCTYPE log4j:configuration SYSTEM "log4j.dtd">
<log4j:configuration xmlns:log4j="http://jakarta.apache.org/log4j/">
	<appender name="stdout" class="org.apache.log4j.ConsoleAppender">
		<param name="Target" value="System.out" />
		<layout class="org.apache.log4j.PatternLayout">
			<param name="ConversionPattern" value="%d{yyyy-MM-dd HH:mm:ss.SSS} %p %m%n" />
		</layout>
	</appender>
	<appender name="filedout" class="org.apache.log4j.FileAppender">
		<param name="file" value="./log/app.log" />
		<param name="Append" value="true" />
		<param name="Encoding" value="UTF-8" />
		<layout class="org.apache.log4j.PatternLayout">
			<param name="ConversionPattern" value="%d{yyyy-MM-dd HH:mm:ss.SSS} %p %m%n" />
		</layout>
	</appender>
	<root>
		<level value="INFO" />
		<appender-ref ref="stdout" />
		<appender-ref ref="filedout" />
	</root>
</log4j:configuration>